ROS Time,l_wheel_joint,r_wheel_joint,torso_lift_joint,bellows_joint,head_pan_joint,head_tilt_joint,shoulder_pan_joint,shoulder_lift_joint,upperarm_roll_joint,elbow_flex_joint,forearm_roll_joint,wrist_flex_joint,wrist_roll_joint,l_gripper_finger_joint,r_gripper_finger_joint
67.048,-0.0006607650381127428,-0.005821688939556147,0.04464724216468193,0.028980112868681355,0.1999775227515581,0.40249225094844476,1.4284994381025173,0.3177454131927284,-0.20054338651940817,-2.2311611391834885,-1.5602133197706092,1.7982542669781418,-0.35052820492324965,0.050068041169871264,0.05008523327892296
67.128,-0.0006641558914610712,-0.005830117353653463,0.04469433829032763,0.028974880120828,0.19997512989686417,0.4035471234559198,1.428506417554983,0.3178672485970715,-0.20051539359050086,-2.231263046928252,-1.5602228968720748,1.7982023755366052,-0.3504875938754317,0.05006724462791773,0.05008602930951882
67.164,-0.0006667816021952433,-0.005840191260267247,0.04475878829291057,0.029047989485626022,0.19995756149671085,0.4041645273782075,1.4285441800976626,0.3178428457088307,-0.20031050273767104,-2.2312164723778127,-1.5602671926344192,1.798013659207876,-0.3505892290868271,0.050053570677663584,0.050099704266714166
67.283,-0.0006754018070198597,-0.005927482393794037,0.046878023876330145,0.029446078714336573,0.19998943478217068,0.4022922089252514,1.419789912765876,0.31614466384113094,-0.2022864123870729,-2.229518201402177,-1.5705869844039269,1.7756713291325683,-0.3558302647120595,0.04988068402229644,0.05000764549793474
67.331,-0.0006838819945311769,-0.005952986965054308,0.05002200769895406,0.030278060569653365,0.19999450715748424,0.4027509929409643,1.4019581025039942,0.3133292065068103,-0.22108720743382904,-2.2263439013627564,-1.5912867758112847,1.7296207689370187,-0.366144492091518,0.04943817162878346,0.050207161037773805
67.503,-0.0006985045021172809,-0.006034674633675685,0.05962534450792022,0.0338292550959078,0.19998800141911044,0.404187048313986,1.3412427501905642,0.3044355098235325,-0.3038430647216668,-2.215699067273851,-1.6616015922833354,1.5712432931092755,-0.40130180576332997,0.045259989910744064,0.05009989240252245
67.81,-0.000702916945624743,-0.006065981852586333,0.08040042514017384,0.043285097932115844,0.19995986391244003,0.4038075510018997,1.208751121519973,0.2850455663832019,-0.46655506692161985,-2.1924624492606966,-1.816000451712573,1.2271062344492547,-0.4780355410966628,0.03935369365218782,0.0500499260258193
68.048,-0.000695973591472665,-0.0060585770482664,0.10569732931608354,0.054814939555478635,0.19998088330962815,0.4035144915882354,1.0388413306929687,0.2596957988263009,-0.6663061716927796,-2.162251032785911,-2.0135710432540135,0.7865481709833011,-0.5773184063559711,0.030771419176248375,0.05021411789795536
68.3,-0.0006826038430620684,-0.0060449694423621025,0.12966953939376366,0.06669236543938642,0.19998330178184798,0.4035052126757286,0.8848614107716708,0.23691769998996293,-0.8610694827767453,-2.1351536268600237,-2.193139469816252,0.3862819650187008,-0.6647324256150737,0.03066345007000285,0.05002953729698384
68.628,-0.0006486648284305119,-0.00602615572631926,0.16033653982638033,0.08201887019510133,0.19997885576350072,0.4037067351921282,0.6878125898800134,0.20781464775578762,-1.1064085334462526,-2.100248437951301,-2.4216566346245667,-0.12586700775308746,-0.7779171053441507,0.03090482653322446,0.049999888539150085
68.702,-0.0006413117549852743,-0.006020971902381156,0.1650982013631543,0.0844162204771748,0.1999779200068108,0.40361561006555213,0.6569665500069108,0.20319919715346124,-1.1431312258251722,-2.0948172613894536,-2.457660746181088,-0.20581760594201182,-0.7961248876675944,0.03095255011419607,0.050010994646059376
68.74,-0.0006367181909086028,-0.0060160165173348545,0.16891678318590084,0.08630940997381673,0.19996162948808305,0.40361318892864073,0.6324094405604326,0.19971109350018956,-1.1738756883044523,-2.0903851642027873,-2.4865876654240697,-0.26972798144081,-0.810891997564843,0.0308855082694548,0.050018524401524454
68.75,-0.0006327197407030027,-0.0060135093558892905,0.17274309797199383,0.08822428076963533,0.19997503588887877,0.40351839639758413,0.6077351015771848,0.19584171336746437,-1.2051376204784692,-2.086065713977544,-2.5153193100828206,-0.33386793951772464,-0.8255919936020621,0.03074794447923674,0.050005316941083934
68.791,-0.000627923622715798,-0.006008428645666974,0.17655656417196255,0.0901272755570257,0.1999795269378195,0.40357122492256536,0.5831319681125615,0.19226332649293987,-1.2363741688133612,-2.081701527914596,-2.5440162329887936,-0.39788675854389144,-0.8400756962719562,0.03062991891609301,0.05000479216977886
68.87,-0.0006165104951687539,-0.006008568874511511,0.1842352827191533,0.09398093054355862,0.19997820702803448,0.40357370902107537,0.5338431065055245,0.1850081804164727,-1.297351957751232,-2.0729973787154763,-2.6019039019863346,-0.5258228022544005,-0.8693925054474976,0.03051197249547382,0.05000727885607849
68.957,-0.0006079531613920608,-0.005999940877844168,0.19189461918744255,0.09779721777651264,0.19997716105026875,0.40350394378153,0.4845452347869932,0.1775756285458332,-1.3564163955570336,-2.0642793065267573,-2.6591448063195724,-0.6537059474039912,-0.8996769870544963,0.03040960016006666,0.049999760086289896
69.116,-0.0005954522990725408,-0.005987426676727026,0.20436965211762873,0.10403402144530247,0.19997538645225266,0.4035637104603289,0.4044716573241933,0.16583472852763137,-1.4548643167248283,-2.0500849441829367,-2.75220939807482,-0.8616432451412352,-0.9462360461722383,0.029890979920408053,0.05000129820177187
69.149,-0.0005913163715609571,-0.005983278615493859,0.20819496090186138,0.10594256449509494,0.1999756562601389,0.4035003769571688,0.37983662451293565,0.16217235680636932,-1.4855781361840616,-2.0457374809618822,-2.780847273036626,-0.9256474273541011,-0.9605468589260493,0.02969820527161455,0.05000133474834907
69.236,-0.0005825508671124524,-0.005974487036207066,0.21682336979176994,0.1102566291543832,0.19997785363990683,0.4035034935941164,0.32218421760975335,0.15366913693222628,-1.5545069801746134,-2.0359168936930003,-2.848344471881358,-1.075741607098407,-0.9941651480702962,0.028886124263367764,0.05000204141242749
69.264,-0.0005797226806105726,-0.0059716795197832795,0.2197007762358186,0.11169475562296828,0.19997879941238228,0.40349811890886667,0.3015538407740612,0.15054403189602716,-1.5783872393409926,-2.032021297390355,-2.8721664155321065,-1.1289729743022,-1.0060013170822746,0.028351319125263032,0.0500007812871828
69.281,-0.0005760423399934211,-0.005967960871514855,0.22353826809793703,0.11361280073592117,0.19997825184530083,0.40350046869804146,0.27400208377749014,0.1463941625101448,-1.6117801473937021,-2.0267920225556666,-2.903894722668527,-1.200091591635437,-1.0218291518846154,0.027650486466568282,0.0500016463251489
69.335,-0.0005715063005524712,-0.005963447823406298,0.22833161370180585,0.11600936810169267,0.19997760378904506,0.4034997726902576,0.2411031274905282,0.14143347106107207,-1.6552192367420346,-2.0206349978126155,-2.9418133918358187,-1.2852292468478739,-1.0410124036681445,0.027158362633792274,0.050004503280607855
69.376,-0.0005688748014449629,-0.0059607362383706786,0.23120634098145845,0.1174473899216765,0.19997770260849368,0.4034990724960972,0.22286004945817783,0.13871610004710888,-1.680809258067601,-2.017248193444416,-2.962810640371176,-1.33248261384725,-1.0517223954751902,0.027241739158991893,0.0500061085028088
69.43,-0.0005629413815952944,-0.005954384843608551,0.23783636154040036,0.12077890961524554,0.1999778042012732,0.40348945266855374,0.18610388141054823,0.13335159274182473,-1.7323588388924502,-2.010879411075337,-3.0055361043954,-1.4281285708570648,-1.0735113191407866,0.028817715729832927,0.050006184714974436
69.542,-0.0005541963660666838,-0.005945620349220526,0.2482476896714833,0.12601913867619693,0.19998353833569826,0.40356600444331203,0.13692886539268567,0.12618190798492535,-1.7849102931201042,-2.0027993372785393,-3.063586047058198,-1.5563040223081357,-1.1018041244593313,0.03240352446195039,0.050000920314705724
69.548,-0.0005532556718641501,-0.005944676033473151,0.24919745232493587,0.1264842383534964,0.19998348715896253,0.4034987861909398,0.1325320364263094,0.1254939442134475,-1.7890870336493663,-2.0020213729148346,-3.0686757992877833,-1.5676998032371854,-1.104261191299134,0.03265621483017649,0.05000076645950857
69.687,-0.0005450654709351355,-0.005936420870455095,0.2597609122989472,0.13174141850632956,0.1999827226411801,0.4035641153599112,0.08478170011461028,0.11844098010633353,-1.845245481247149,-1.9935836113281433,-3.1243285232389155,-1.6917152702852585,-1.1319050237973265,0.03467404541336955,0.05000170150217509
69.701,-0.0005420276717620354,-0.005933359263122107,0.26358733442378,0.13364597940885448,0.1999832473337806,0.40349838016629036,0.06774604691020958,0.11589944080056469,-1.8693271907761169,-1.990504924008222,3.139229538912055,-1.735890627230753,-1.1420174124516187,0.035208229763671994,0.050001862395867985
69.809,-0.0005502033204747292,-0.005928061231042392,0.27080823615491934,0.13721899007150634,0.20001217707044194,0.4030950672708533,0.03556772728752389,0.11102444207872342,-1.9129806096496882,-1.9846233229126757,3.1018552362158935,-1.8192994160524103,-1.1615119509161165,0.03648992960591206,0.05013300205695015
69.845,-0.0005515862230183188,-0.0059324350996918795,0.27315552713859825,0.1390260433597818,0.1999959962018929,0.4036280717596945,0.02094136440897376,0.10896715546980662,-1.9304938283393014,-1.981988989532177,3.0849777966540817,-1.8571606896084623,-1.1694146200431499,0.03733104080283859,0.05000282444850873
69.861,-0.0005511569463054755,-0.005932837957158377,0.27371103801100144,0.13940398740230495,0.1999820968622359,0.40345928228901684,0.017494673031998254,0.10840467143395571,-1.9342736683845256,-1.9814201363288553,3.0812022903701717,-1.8660619263820495,-1.1714581359000151,0.03757061749342934,0.0500042957639156
70.023,-0.0005378893550966879,-0.005830569891092097,0.2806420914749701,0.14488021780396984,0.19998803790529696,0.40339279612218437,-0.025414022414348203,0.10187331413538292,-1.9880665237993114,-1.9736446823709648,3.0313039551442422,-1.9773803497445135,-1.1963936220695892,0.044910019179699265,0.05000444802151761
70.16,-0.0005622143337333796,-0.005831359581137008,0.28131597381054835,0.1464098795042994,0.19995896623722942,0.40310444732236395,-0.02899062757169535,0.10164625079287948,-1.9930536574996278,-1.9734870727405647,3.0266947241582507,-1.986926950796649,-1.1987638435322756,0.05002036527003226,0.05003243051286524
70.17,-0.0005651851008252606,-0.005831070817810868,0.28128782189491297,0.14666406243916727,0.19999332573209205,0.4032577079778008,-0.02857769813856592,0.1017090665483904,-1.9912229164024726,-1.9738842977359439,3.0264959188154634,-1.9865719922479954,-1.198260925364167,0.050057867420835955,0.0499949343745223
70.253,-0.0005721581758049155,-0.005832335581463788,0.28119619245530203,0.14691567895054758,0.19997278077597436,0.4030126350168475,-0.028904485444450678,0.1015198797561414,-1.9879628634105462,-1.9736492358916453,3.0265122760209664,-1.9870026475564924,-1.1982603679261068,0.050004272289849765,0.05004854695452594
70.291,-0.0006142976951295509,-0.0057940943104481946,0.28131417868345104,0.14709216855089433,0.19998723337520818,0.40354525698103316,-0.02874640007079421,0.10171972029094611,-1.9885817453888528,-1.9736793009583455,3.026411457597879,-1.9868297018023702,-1.1981123845748947,0.05003797088570338,0.05001485540437255
70.298,-0.0006142588235382718,-0.005790982123871302,0.2812883624083567,0.1470689514365911,0.20001843139950193,0.40390961706391426,-0.028779633638322366,0.10157795291205662,-1.9882742696529316,-1.9737417672419384,3.0265834379843657,-1.986841663813748,-1.1981947062972162,0.050031849731521,0.0500209765919053
70.382,-0.0006323562112173775,-0.005794437863467117,0.2812129778538844,0.14719264859243827,0.20002124833475943,0.4037817144907123,-0.03080348082322093,0.10109115669427116,-1.9907457018693178,-1.9748728804930091,3.0262275345123832,-1.9861829413225127,-1.1983430627907232,0.0500074145630843,0.05004540977537308
70.394,-0.0006302603543693053,-0.005792498173329719,0.2812245136822207,0.14723062335175396,0.19997446203154023,0.402648815405783,-0.029843008498068535,0.10127088677809937,-1.9910661261570688,-1.9742513428223378,3.0264498228802967,-1.9866667051692382,-1.1977677243522127,0.050003008448061055,0.05004981323871307
70.398,-0.0006338632113616072,-0.005795670652357643,0.2812536811980216,0.14722065342869337,0.19998336485352475,0.40357533106481647,-0.033572952695730685,0.10083168845070567,-1.9913558880838904,-1.9764942504299827,3.0251132663301625,-1.9849773710009568,-1.197732429029264,0.05001410499786016,0.05003871221331922
70.847,-0.0007173299046536741,-0.005764728898806304,0.2810393576633458,0.14716215902685267,0.20000271455807184,0.4035557297057437,-0.14132680455599456,0.08103803295789902,-2.023301912910016,-2.0385565728538713,2.9969809207867506,-1.9422803009770613,-1.1818428947307913,0.05001299622693853,0.05003986013440914
70.847,-0.0007168768202712172,-0.005764790480823123,0.2810354768375251,0.1471553472460356,0.20000357317039708,0.4036270563529323,-0.14132452150807318,0.08103700743572428,-2.0235805744510387,-2.038539419828741,2.9969670123533945,-1.9422855946738462,-1.1818367366457494,0.050012010605886,0.05004084262565608
71.065,-0.0007358752338051389,-0.005764841078806704,0.27977681971183266,0.14691841697064323,0.19998089597481972,0.4035001846543418,-0.17028427578712968,0.0708471594714215,-2.0280399184213067,-2.0344903116840194,2.9931432722426017,-1.907834030909103,-1.1754432790682001,0.049993080603518,0.050059772496129445
71.067,-0.0007299402474698624,-0.005764539947092473,0.2798696868639395,0.14686312588945727,0.19999163969504696,0.40356940344111614,-0.16585550629548163,0.07234936429999195,-2.0274878401033813,-2.035158334419759,2.9937986205883114,-1.9129784553078144,-1.1766557117724066,0.04999831287457059,0.050054540606121224
71.153,-0.0007586146414766404,-0.0057692974571592615,0.2776829015985422,0.146313476410515,0.20000415660819826,0.4039785205180575,-0.22726553690070705,0.05032239359787738,-2.0329908819812914,-2.026503301438281,2.9858017752874293,-1.8413738582921528,-1.1625696766835336,0.04997382459633053,0.050079039905461926
71.471,-0.000840302330230358,-0.005723470995686597,0.2698214448356402,0.14261799406077919,0.19999912721126112,0.40434503102769437,-0.46267555323718046,-0.03433850105994729,-2.0661343064516213,-1.9938013005378932,2.956352398507587,-1.567554647209949,-1.1098443968962535,0.050041396741276035,0.050011511028201804
71.717,-0.000868610676935333,-0.005798580522651697,0.2694621074215474,0.14149542233063686,0.2000159824208989,0.4034148326801761,-0.47425929936205247,-0.038727013710694536,-2.0640651899497495,-1.99220741349821,2.954522831629024,-1.5533330078844267,-1.1065684843706425,0.05002815628670606,0.05002474175285273
71.717,-0.00087329782981449,-0.005801039713877465,0.2694635089759488,0.1414771886730437,0.20000356411581066,0.4036074995299588,-0.47425483904575394,-0.03869206877780229,-2.0642128676341027,-1.9922218771503393,2.954507314031046,-1.5533025538924257,-1.1065602091292739,0.05003135327630011,0.050021547142652056
71.879,-0.0009114180014506701,-0.005831998503556868,0.2693513535948118,0.1412487947505183,0.19999852082844605,0.4035456784497331,-0.4684499737329908,-0.03710063978383893,-2.0650486619032042,-1.9914840312623094,2.95651133239247,-1.5589006820774989,-1.1084630935177824,0.05004944234990059,0.05000345474604013
71.92,-0.0009279633082375227,-0.005834569155709346,0.2695927568651362,0.14140492693751847,0.2000293188270197,0.4030677048163547,-0.4569524609465372,-0.0340806325730858,-2.0633178141800226,-1.9902804864747021,2.9596953639043306,-1.5687497241244541,-1.111265864113287,0.05009321720012294,0.049959675412571826
71.928,-0.0009029275509089274,-0.005843337022190198,0.26964376941181906,0.14147652402614547,0.20004781126520754,0.4038880163117531,-0.4491394619400282,-0.031738821173949994,-2.061945636135672,-1.9894177227941756,2.961452347345565,-1.5753945608386148,-1.1131171150769834,0.05011287722715393,0.04994001012480206
72.038,-0.0009164277812043764,-0.005859279723221533,0.2699822892991748,0.14151343241369865,0.200006856804686,0.40298265646361653,-0.39627454292611475,-0.01839746283951804,-2.0482773671882057,-1.9845467158850831,2.9772797630972487,-1.6200900971721035,-1.127013823286406,0.05008412856203215,0.04996875880663582
72.095,-0.0009231207437681022,-0.005868445791665344,0.27010926966485693,0.14157605873393775,0.20001371187303008,0.4033888787760098,-0.37805979735096074,-0.013579467840894033,-2.043005069232393,-1.982826424753132,2.982468975432102,-1.6354959584264543,-1.131800304332593,0.05003604149988725,0.05001685045290804
72.241,-0.0009451910333471147,-0.005684225905413953,0.27018713352914736,0.14172111653416952,0.19999798743123431,0.4036095563830999,-0.3682046817341913,-0.010739786272730534,-2.0416909480394887,-1.9815451958497081,2.985453118342864,-1.6445677679564676,-1.134543113109407,0.04996032317696412,0.05009257873532883
72.319,-0.0009759637424915368,-0.005693692020695806,0.27016243008900614,0.1417008266006162,0.2000508434350019,0.4037929763516166,-0.36808647726885546,-0.010717839554347464,-2.043926128633787,-1.9816464430173446,2.9852722049429428,-1.6445851694109512,-1.134514286984249,0.050028688070756354,0.0500242097496356
72.33,-0.0009775896067756307,-0.0056930329240225674,0.27016505428620835,0.14170084364094948,0.19998876337469085,0.40396460084203856,-0.36815171488043763,-0.010898645453496059,-2.0434467642367986,-1.9817608368933626,2.985829645489023,-1.6444515284731862,-1.135043413339889,0.050024655328450046,0.05002824637621925
72.549,-0.0010159579113713235,-0.005748134399434335,0.27049793617016454,0.14178295301681298,0.1999996621962854,0.4031856085521177,-0.3184319364946546,0.0004333453612561655,-2.0360050461433143,-1.9684510871928746,2.99925234346758,-1.680670154390179,-1.1453522787737427,0.05006997647925981,0.049982918181859806
72.56,-0.0010136120731534248,-0.005748391413741949,0.2704466434527955,0.14174497707867348,0.200005983498726,0.40341409445703835,-0.3235689344475041,-0.0007024531100672249,-2.0370922925498363,-1.9697878422761472,2.9978815174037123,-1.6769682917487367,-1.1444431024413557,0.050075054330818304,0.04997784336189638
72.81,-0.0011710101261455108,-0.005437335503122753,0.27093136265222323,0.14205084765848197,0.20000583497289792,0.40360993574960347,-0.2579347828493299,0.014020020237801134,-2.0187794931027714,-1.9523869052593121,3.016095044310889,-1.7244988935999963,-1.1587106752717657,0.05000007562100398,0.05005284289383132
72.906,-0.0011819531075891732,-0.005444030525424637,0.2709225400609765,0.14207793637938182,0.20001296744334418,0.40354595258340975,-0.25790886650743694,0.014093286595540988,-2.0205715759729106,-1.9524521704105866,3.0160878637038415,-1.7244383949856594,-1.1587065741175842,0.05002419665138425,0.05002870997807205
72.929,-0.0011982490535613621,-0.0054470247489568635,0.270895753948997,0.14212137845029815,0.20005769270429408,0.40355517981616895,-0.25776435610756554,0.014163120461260448,-2.019808736827474,-1.9523327565344002,3.0162524783791085,-1.7245899033771899,-1.1589254659805732,0.050017883720500665,0.05003502076410921
73.125,-0.001200746132700381,-0.005448370843601502,0.27093976923762436,0.14206996220922638,0.19999702751136628,0.40345293779644287,-0.2107992790615203,0.023107758043033222,-2.0098043654803437,-1.932965500857979,3.029312196906842,-1.7505619417878826,-1.1672388640560225,0.05010245577965433,0.04995044980982725
73.732,-0.001493895653663202,-0.005177936704374275,0.2701603221819682,0.14194115853360956,0.2000103714343746,0.40306965725420163,-0.08028940091129932,0.044848783911803025,-1.9768950681632287,-1.8694377257686097,3.064989139247036,-1.8130081107926843,-1.1896915580055172,0.050048308823398696,0.05000459774996136
74.022,-0.0015871256897437291,-0.00516437889684962,0.2697256831305274,0.14154520134745724,0.2000001893077803,0.4035051621046284,-0.04194164467828365,0.050234975606718635,-1.9648637044097041,-1.8481272463307046,3.0756178944991657,-1.8289132168893536,-1.1966059207705877,0.05003528005387814,0.05001766716241194
74.024,-0.0015854010777687222,-0.005162668268519077,0.2697423796567801,0.14157494298472736,0.20000193580626746,0.40361113130921655,-0.04193779872413028,0.05032589134348253,-1.9646758907949806,-1.8481201938976723,3.0754798780132013,-1.8289620518852967,-1.1965109030730714,0.05003699107011767,0.050015957746681404
74.201,-0.0016397404902024348,-0.005150400329327454,0.26913873777663094,0.14135334219956172,0.19998102947530771,0.40242638318199564,-0.024789532503182166,0.05148015229662217,-1.9610528846269606,-1.8359660571473388,3.080966560981661,-1.8334361334175044,-1.1993013951422604,0.05009434371807061,0.049958602946134446
74.208,-0.0016468268876552727,-0.0051638639545732445,0.26880888412422776,0.14125314208241266,0.1999899141465029,0.40298990803229096,-0.008244413704773912,0.05310091042947995,-1.9571297183180825,-1.8246502489624459,3.0855027828442037,-1.8373915630667712,-1.2024848088272817,0.0501191272029203,0.04993381734751042
74.364,-0.0016700404319784923,-0.005172537669376531,0.2676842497646435,0.14091010121346245,0.1999893621346791,0.4034066319710554,0.04686904184014917,0.05811395689606513,-1.9394500310973735,-1.787040429983708,3.101075008570934,-1.8506425861653737,-1.212217960827192,0.050040450863795494,0.05001248311292381
74.408,-0.0017218509889636024,-0.005177159286574806,0.26729441902826284,0.14059487476614735,0.19999396615670406,0.40302977343036694,0.06224591090034437,0.05932798151685503,-1.9324455746580762,-1.7765385494347412,3.1056109802807654,-1.8544506859320213,-1.21464848781436,0.04997105121228556,0.050081891417927966
74.816,-0.0019062813205277251,-0.005100898988827041,0.26479249380253117,0.1396795181461325,0.19999396517034906,0.40297894376866594,0.10678133162440773,0.06057888365735398,-1.925628333300656,-1.7387905904442653,3.118948022358108,-1.8602085079877808,-1.2232945822113317,0.05007374753450972,0.04997920605385666
75.099,-0.002080309291979887,-0.005056188601033185,0.26186006345463886,0.13782081136844654,0.19999401431866382,0.4035498086820821,0.16717270144598295,0.062409151856231304,-1.9027922373888595,-1.6882010973083763,3.1363378843080287,-1.8677431863745229,-1.2342141190821216,0.050015564787430675,0.050037428484654804
75.347,-0.0021698379793795297,-0.005070751537563645,0.26149050853329675,0.13748625727344985,0.19999670934185154,0.40424458832028076,0.18796055270255874,0.06679646567537034,-1.898607682989227,-1.6656766008797397,3.137315709787309,-1.8663345515516925,-1.2409456963139096,0.05011335977131493,0.04993963384239089
75.497,-0.002293642943585361,-0.005027675378168617,0.26084720072700945,0.13728648996927065,0.19998650670600782,0.4031987826489045,0.2494773779530428,0.07925962875188386,-1.8740655057511901,-1.6014818774181294,3.1395709491621187,-1.8623133159241743,-1.2585105145658035,0.05004642545581945,0.050006551424930344
75.497,-0.002281878109337221,-0.0050346555650238045,0.2608754390736743,0.1373314462447228,0.20001929491139236,0.40442633125790195,0.24582003743769398,0.07861569010186109,-1.8759201042101168,-1.605237012510544,3.1392962391912764,-1.8625402951153553,-1.2575441713303128,0.05005582186448898,0.049997155391664445
75.502,-0.002298722263039288,-0.0050281936106415515,0.26078049897729066,0.13723419039739146,0.19999065262709692,0.40368705549372663,0.25587027893797565,0.08045802288335846,-1.8708560068272204,-1.5948551143104965,3.1398871432884228,-1.8619051336433072,-1.2600008022968954,0.050022766628270016,0.05003021240939721
75.763,-0.002387167581006544,-0.00505082599545581,0.2605718385474325,0.13691967750139966,0.1999777165588874,0.40276077001415533,0.2666731615955875,0.08258972525462749,-1.8682457994867638,-1.5828415348340283,3.140565868885652,-1.861244848594982,-1.263806887702403,0.05002986151866347,0.05002313706999034
75.828,-0.0024445907585715076,-0.005012898691208356,0.2606232988982827,0.13695183861376053,0.20001229713648883,0.403970578237967,0.26670379480017115,0.08262653157649691,-1.8676208360759858,-1.58282771762607,3.1405204644377616,-1.8612888692872795,-1.263584735089891,0.05002485484131632,0.050028138441604024
75.886,-0.0025042422399748077,-0.00501107123524136,0.25988089603329145,0.1368056784242549,0.2000006734793507,0.403658114692246,0.26643265293693297,0.08202746200328193,-1.8662724573227711,-1.57590902442545,3.140687673842823,-1.8536231630397904,-1.2649614727077143,0.05004813556861231,0.05000487270531123
75.891,-0.002482988282779708,-0.005009593876214247,0.260005947501103,0.13681141774347588,0.19997232954341726,0.40248321206776616,0.26654407695886473,0.08194328942163764,-1.8665811812148192,-1.57793248082965,3.1409659046638776,-1.8557432648946373,-1.264373679490049,0.05004338725569665,0.05000961785100207
75.974,-0.0025249567717766652,-0.00501849710392932,0.2579166748308531,0.136290135530001,0.20000388910186295,0.4041402993924219,0.2649578785592439,0.08036615929511104,-1.8627579060914323,-1.5515229471066143,3.1402952259567645,-1.8274440775545635,-1.2711907975602674,0.05004144142500837,0.05001156897698631
75.976,-0.0025139870285872945,-0.0050176894852516085,0.2583465422577935,0.1364387462676433,0.1999914984021398,0.40374779405807093,0.2652347519992624,0.08071460426357469,-1.8636493284976101,-1.556079730347999,3.140406831995593,-1.8323358339753302,-1.2699170640121444,0.05004365990469058,0.05000935130317354
76.105,-0.002581279537356096,-0.005000000276064398,0.2530588104159006,0.13475093384698134,0.20000097562290176,0.403665118889438,0.2607369745808015,0.07457511024316865,-1.8475531211500371,-1.480160991951411,3.140505289138522,-1.7508581096780835,-1.2866526244928798,0.05000144207012834,0.0500515537292892
76.19,-0.0025994878917297015,-0.0050132681758556785,0.2509963674803246,0.13360247759513952,0.20000026230228052,0.4037007995493678,0.2588842152248798,0.07206468746091677,-1.8395875781369924,-1.4492849202140543,3.1405096991650776,-1.7177229969629586,-1.2934757408388142,0.05000252569408406,0.05005047435011326
76.298,-0.002652668828466709,-0.0050263606428675445,0.25041681808323923,0.1323585119107529,0.19998801849385295,0.40304599766354343,0.2585838704352419,0.07134606158877332,-1.838412818519215,-1.4413227260095236,3.1406304461835095,-1.7088465256065222,-1.2955123370304857,0.05004342536438646,0.05000957803422098
76.471,-0.0027233375127737602,-0.005029114211397179,0.2505144692403854,0.13202695981361662,0.1999939641734958,0.40374332608405705,0.2585638817083735,0.07156468430870788,-1.8382060229962205,-1.4412003841712608,3.1404405394319674,-1.708846112698228,-1.2954477516120164,0.0500254484511553,0.05002755231141596
76.736,-0.0028314704473872965,-0.005043948439918289,0.2585266123393886,0.13429666028997833,0.20001208816267457,0.40418885565120366,0.16816211739012044,0.07725772248309859,-1.8620310880543736,-1.5267704348932436,3.114874383562288,-1.7113135485029902,-1.2745971877240612,0.05001611415389211,0.0500368901198672
76.737,-0.002831109357892103,-0.005043624790260104,0.2582781330751412,0.13422143161675315,0.2000031770155406,0.4034594934650091,0.17143641993367265,0.0770230370221574,-1.8613556825306246,-1.5237273180381616,3.1158495363163645,-1.7112621756236512,-1.274871980614524,0.050004385734806304,0.050048617833913546
76.863,-0.002856317487648141,-0.005046383222762074,0.2594839189846786,0.13543227843757547,0.19996985246199728,0.403355760879311,0.15646316493865253,0.07806500338105149,-1.8661537396092598,-1.5383146002725572,3.111338207576697,-1.7116753124586381,-1.2718194981246036,0.05009410167918266,0.049958900453401935
76.903,-0.0028667839026654818,-0.0050477100185784,0.25950440170647615,0.13570655541830542,0.2000021017152278,0.40376174470558546,0.15654878971275998,0.07802871950246093,-1.8660469145994272,-1.538545546422292,3.1113287803827294,-1.7114576503915293,-1.2716120477232078,0.05009170245316092,0.04996129765492611
76.908,-0.002867733965786101,-0.005048004002939699,0.2594931679017005,0.13580483846828373,0.19998361116555774,0.4030531704460705,0.15655898401835522,0.07810035623705414,-1.8656833251423732,-1.5385889680782978,3.111257284512913,-1.711485841038547,-1.2715229072920007,0.050069131765466894,0.04998386640536568
76.945,-0.0028984759356029954,-0.005058622580693672,0.2595146448175224,0.13610594028099793,0.1999914418030757,0.4038211583852247,0.15639578682124444,0.078288213350306,-1.864467345444397,-1.5384428227119673,3.1110099642089892,-1.7116197482451376,-1.271675819639139,0.050018919273751315,0.05003408136881668
77.265,-0.0030822963403869252,-0.005030230246715561,0.2657275817239551,0.13827588119045953,0.19998126423661855,0.40275292447141364,0.0623133349175955,0.07867496914102023,-1.8917264260764055,-1.6147528779490474,3.0845884515221798,-1.6995380358659773,-1.2537638393143382,0.050055380837635284,0.04999762689927644
77.76,-0.003403842416719982,-0.004804868720526656,0.27066834234613907,0.14123159247077763,0.19996072201269133,0.40319593443085466,-0.04370945272272664,0.074588145046242,-1.9200436815306166,-1.6873488928633722,3.055323332458647,-1.6732555873332595,-1.233577258896359,0.05004220511703436,0.050010792564079
77.757,-0.0034333522878657874,-0.004802772822922741,0.27045023470688945,0.1410123631020712,0.199994156508164,0.40377821275274606,-0.04169109860992748,0.07465448230531635,-1.918802822892598,-1.685921358750281,3.0559345689816677,-1.6736141740289279,-1.234796384203011,0.05003456427054309,0.05001843464628992
77.919,-0.003417017965255731,-0.004815951158290588,0.2708167314691317,0.14181925897182168,0.19999058900010613,0.40301193117333867,-0.048505812281699257,0.07417376482981819,-1.9210088839024504,-1.691078615937886,3.0540257526953667,-1.6716577525879988,-1.2330751001705194,0.05002656846130681,0.050026427217936105
77.98,-0.003430524972605653,-0.004820561117345967,0.2708410164272416,0.14193313718077316,0.19999610860407735,0.40340475239049045,-0.048498039778033686,0.07428399817970188,-1.9203125108614527,-1.6910800262556482,3.0538806040813373,-1.67164372370131,-1.2330517595304382,0.050033043392334775,0.050019954389474236
78.026,-0.0034392445979563036,-0.004831006075470157,0.27085278117648187,0.1419954432639652,0.19999590029112202,0.4035685327891052,-0.048486824969988795,0.07436729896237626,-1.9202712998211728,-1.69107533564133,3.053813732400286,-1.6716423498500985,-1.2330543743251017,0.050029118893789665,0.0500238803330066
78.062,-0.0034462988650343362,-0.004831250677003851,0.27083934748739524,0.14199443890572763,0.19999814551916817,0.4034888767271312,-0.0487152811168432,0.07419943890751757,-1.920415227293078,-1.6912766168006077,3.053975600636825,-1.6715265492659421,-1.2330536991875487,0.05002319890917251,0.05002980229776716
78.11,-0.0035326101706276702,-0.004723309009020404,0.2711354099224328,0.142105860957299,0.1999954721872097,0.40340515178140013,-0.061553246128605466,0.07298440772207648,-1.9231392181374307,-1.69859208937558,3.050277542890715,-1.6658043461252108,-1.2308558593601582,0.04999523400411546,0.05005776227792692
78.412,-0.0035794385207195134,-0.004730554426910061,0.2726341828567756,0.1427876171083534,0.1999686394506508,0.40314007981833555,-0.15256565433880542,0.06350181359744322,-1.9478050693535414,-1.7474367324846312,3.0259928478849663,-1.6286757198317394,-1.2155201424490585,0.05010072434006925,0.04995227586820816
78.412,-0.0035841491719610374,-0.004726917531655772,0.2725536029220704,0.14275342098292804,0.19999118979734565,0.40298336861323314,-0.1524710131492455,0.06327985159435734,-1.9472413490037388,-1.7477115532246184,3.026030290646739,-1.628616159620849,-1.2153559238812557,0.05008432374913427,0.049968672337310706
78.472,-0.0035798354903313623,-0.004731437598723964,0.27264100780418143,0.14281202846707258,0.2000011854594046,0.40376699939425453,-0.15252546352232255,0.06356652038595278,-1.9473964039487948,-1.7475642733243464,3.0258062329633404,-1.6285524253921437,-1.2155366191300425,0.05009640443535269,0.049956593834812456
78.626,-0.003875596672645365,-0.004340257362904332,0.2726931496821173,0.1429218342137821,0.20000303143300346,0.40251806379405153,-0.1652566194924212,0.061307880196306286,-1.9499479883602149,-1.7532287937497286,3.022658504122081,-1.621001198057499,-1.2122402042331757,0.05000312513768251,0.05004988468840305
78.742,-0.004067832807862715,-0.004182863546590809,0.27333040640463224,0.14312421890267454,0.20001661937270132,0.40346798215966473,-0.22006235449104317,0.05350325950762613,-1.961832778638132,-1.7745329070816296,3.0089019777284456,-1.590337934576329,-1.202187532361858,0.04999231136296613,0.050060685705017996
78.737,-0.004062696054112358,-0.0041824233437495195,0.27322108862286243,0.14305398269807107,0.20001276220878328,0.402924608556785,-0.21520812820019408,0.0540820443368224,-1.960867062433457,-1.7727020623913634,3.0102719037453127,-1.5930547430893016,-1.203226564883046,0.0499866107607103,0.05006638642908513
78.948,-0.0041427008967662715,-0.004205052852934266,0.2736851487679788,0.1434973095034686,0.20003963867468588,0.4034094237223682,-0.25590429821479077,0.04827241879780342,-1.96953309688449,-1.7889680781587294,2.999542086576147,-1.5698051997590898,-1.1948369416893163,0.0500415115346203,0.050011485501841604
79.103,-0.004230199361179743,-0.004010429973901886,0.2733170265062679,0.14339154534050422,0.2000083677412876,0.403941486255329,-0.2781080550469959,0.043831033093448823,-1.9727298367755894,-1.7950184588740519,2.994128433919318,-1.553383407132035,-1.1908208699365908,0.049961194895812217,0.050091802851423
79.14,-0.004232794517221805,-0.004011168635682516,0.27314758481939233,0.1433235638743392,0.20000372492371454,0.4030948631262401,-0.2867308036335139,0.04184264209744448,-1.9743659575428163,-1.7972805206985387,2.992179122886867,-1.54743100768063,-1.1888183943915802,0.04995123389110753,0.050101762782544294
79.304,-0.004284182293641692,-0.0040309177245063665,0.2721211762968385,0.14291713371583162,0.19999182735046972,0.40228624558400217,-0.3576933885516631,0.027460378681464448,-1.9884337443016733,-1.8154798638970697,2.9745601658606002,-1.4976620255503867,-1.173428110978354,0.05008658903996639,0.04996641349445187
79.354,-0.004276035030564174,-0.00405073963312752,0.27221672373963574,0.1429490377559646,0.20001461819380495,0.40422584597942457,-0.358797963587536,0.0277775238141329,-1.9888508456009948,-1.8157222914181683,2.9739192624408073,-1.4965677737190752,-1.1738574759916949,0.05009446737647465,0.04995853368113129
79.47,-0.004298400634335842,-0.004063278299647699,0.2722094502092528,0.1427745980854035,0.19998212803145687,0.40375362320940145,-0.3587954686347681,0.027479887054410845,-1.9867761661528691,-1.8158717596547755,2.9739968585000316,-1.4963864609569084,-1.1735217922400043,0.05002449032703625,0.05002850252576151
80.043,-0.004401441473391721,-0.004195651977123127,0.26984869994003435,0.14161810947718367,0.20000954459954734,0.4038179548514247,-0.4589077600856655,0.0036341786192437553,-2.001739648678191,-1.8273753836421984,2.9493030681967056,-1.4092553198949638,-1.1503869070795556,0.050022644467939165,0.05003034812763112
80.223,-0.004491047988060437,-0.0040607764500899535,0.26883980911873945,0.14138069617885918,0.2000093209585625,0.4041812707371397,-0.48298871425698575,-0.002941821098447761,-2.0052923474270177,-1.8265157419197444,2.94274601009681,-1.384210291675405,-1.1424107075995549,0.04995447418420074,0.050098512122253594
80.267,-0.004493054704472144,-0.004067043197857778,0.26829581893639326,0.14121616035287526,0.2000223637936882,0.40306628849373727,-0.49624152741883254,-0.006723369313911931,-2.0066071803865206,-1.8259274202167135,2.939330095029545,-1.37103099218937,-1.1382484564659485,0.04994285603322186,0.050110129681198656
80.34,-0.004513040057052109,-0.0040874873070810835,0.26668329339606817,0.1406636607143223,0.20000050209244602,0.4033209211138695,-0.5403086253280742,-0.018608786854145798,-2.011712324898161,-1.8238869688193122,2.9282699463292268,-1.3267110225426375,-1.1253148300795317,0.050005703296691295,0.0500472920446912
80.876,-0.004641074046780602,-0.00423859285326067,0.25622139920578546,0.13690154337364546,0.2000161607803248,0.40304495167595533,-0.5707029441754514,-0.04774274017898961,-2.008359215386008,-1.7245023134248858,2.93231005003968,-1.189983173671319,-1.0974891625586416,0.04998501300496079,0.05006797113965644
81.041,-0.004660402782671547,-0.004290738227247459,0.2506635902494343,0.134342137949141,0.1999629690410556,0.40485622761190765,-0.5813315729146051,-0.06336592171175504,-2.0011096227461245,-1.6599970469115077,2.93692718133382,-1.1116148599151368,-1.0824219298280635,0.05000300073762302,0.05004998993229647
81.044,-0.004650943396573126,-0.004320331945521616,0.2497212654134548,0.13353869901947932,0.20000984814161704,0.40251150331179364,-0.5830033885857837,-0.06650431612618046,-2.001322900537531,-1.649375049625299,2.937836387291412,-1.0986464449610676,-1.079248381008517,0.05002394044356786,0.05002904813721523
81.203,-0.004661124741014433,-0.004379356821255342,0.2492530498303166,0.1317547995476126,0.19999239889981713,0.4032742399661595,-0.5837879979696678,-0.06779131190747201,-2.0007848579726293,-1.6437501502385579,2.9383085932753428,-1.0913374871648616,-1.0781460222309196,0.05002957564419754,0.05002339956995633
81.268,-0.004679138769590807,-0.004399447032260362,0.2492891438278228,0.13153071670260114,0.20001273517763973,0.403810442481511,-0.5838027607923104,-0.06763082794866193,-2.000190401901433,-1.6436835931399592,2.9381275796405504,-1.0913159065812987,-1.0781395937856315,0.050032023289574915,0.05002095258126943
81.421,-0.004668102589382883,-0.0044805606119675545,0.25009473672357696,0.1314977625025586,0.20001735468653958,0.403740094668275,-0.5755505907447427,-0.06535817070692307,-2.002153000313017,-1.6456122716204953,2.9412189444676393,-1.102539377667374,-1.0812695451439929,0.05004402788337684,0.0500089534139873
81.49,-0.004680261759635762,-0.004499977315134629,0.25217676966468816,0.132031321184881,0.2000425065788214,0.4026010165631213,-0.5495359889056779,-0.05857426806768462,-2.00273802044396,-1.652132186347672,2.9495215289338503,-1.1333198509410414,-1.0897991906145101,0.05014429741716508,0.04990867209462586
81.685,-0.0048092040329077435,-0.00429319176769738,0.2557622172873775,0.13364718849927448,0.20006681649457558,0.4034690297212151,-0.5008025696909453,-0.045941314902868235,-1.9925906166618663,-1.6642425895485498,2.965763934015108,-1.191188647916384,-1.1065683620638493,0.04995173451671912,0.050101243831182224
81.694,-0.0048090606805111236,-0.004262183548663145,0.2556971830590889,0.13386066694796292,0.20005609911782063,0.4024498824326246,-0.5009507866121741,-0.04630745418878046,-1.993720895510016,-1.664076610904123,2.9662506451925967,-1.1917253085104136,-1.1065790781547848,0.04992160845326067,0.0501313807197941
81.805,-0.004800400878855804,-0.004228209215274781,0.2556884233686455,0.13423430319048446,0.19994656575756942,0.4036587628589947,-0.5009894448181971,-0.04594363172737914,-1.9983178835410493,-1.6641513294847647,2.9662392914884954,-1.191498785240043,-1.1072806275199607,0.0500259699125851,0.05002702785263756
81.818,-0.0047725292656233265,-0.00414897583308349,0.2556518851273739,0.13419876291090682,0.20001412543786223,0.4026509393732578,-0.5010026184831391,-0.04610728324283997,-1.9990847178957178,-1.6642274862652378,2.9662129831736994,-1.1915486488397544,-1.1071275097163946,0.050025229018394596,0.05002776285634534
82.094,-0.004821674112238661,-0.004229635184141323,0.2593871745526522,0.1354124444047413,0.20001330213272084,0.4036060377206985,-0.431721931522806,-0.02998819165872657,-1.9926350899290606,-1.6676550367035943,2.987367701839757,-1.2625307529265974,-1.1267451910595252,0.05005275190725074,0.050000208663307844
82.106,-0.004820954262039656,-0.004228850077355517,0.2592484746849563,0.13542955239872712,0.20001521304398384,0.403976320585139,-0.4356484206868547,-0.03084498327030527,-1.9933783758985797,-1.6672822411827535,2.9865102966527868,-1.2583239688834897,-1.1261739498441994,0.05005080520970003,0.050002159212651325
82.27,-0.004908523358717609,-0.004111323516100995,0.2603478889757117,0.13649490674051426,0.199965445326157,0.4046534216300355,-0.4122457534365198,-0.025251134546947718,-1.987046663735227,-1.6682025042297979,2.9936296193634355,-1.2832030407947865,-1.1325989799875904,0.04996051275264137,0.0500924870563971
82.364,-0.004929415924291192,-0.0041063673019268165,0.2603996216760531,0.13668311566867508,0.2000160017630792,0.4035477972299759,-0.41149038024305895,-0.02532550414557644,-1.9909699693089378,-1.668359483287556,2.9938905848135047,-1.2836951782290473,-1.132536890083463,0.05002491216378911,0.0500280751891509
82.377,-0.004952343924255587,-0.004113560293863117,0.26052964185791017,0.13674908416546921,0.20004268885543564,0.4038381185942175,-0.40704771952928986,-0.02436946833505438,-1.9902031074164812,-1.6676041787602336,2.9950450852711477,-1.2882771258980554,-1.133444287998251,0.050024254377087,0.05002872155539871
82.649,-0.005035977362924271,-0.0041281843272793495,0.26233459159404277,0.1375682856656979,0.20001645862998796,0.4046161244314055,-0.3204816551375602,-0.007522731251785153,-1.9758458479158092,-1.6586055740464176,3.0192638264240443,-1.3603854382901925,-1.1560977624738502,0.04996623733751736,0.05008675299520921
82.697,-0.005051025012933863,-0.004117769241609004,0.2623351242962426,0.1376065027855668,0.20003113041461074,0.40420699106765134,-0.320525071498583,-0.007575395416066222,-1.9763308529452859,-1.6585117357907495,3.0193869561148556,-1.3605304616451317,-1.1560690008650223,0.04995458442339128,0.05009840479954599
82.943,-0.005119681357572681,-0.004210330966399667,0.2628078259479254,0.1378795563242483,0.19999943024815625,0.40448285733525324,-0.2674780791321041,0.0011640819895326615,-1.9700487418790118,-1.6445038408735573,3.0343236136988985,-1.3979626569674775,-1.168348427450681,0.0500973402614369,0.04995563792211688
82.937,-0.005126956424379436,-0.004207110501360134,0.2629321997590479,0.13798387274770763,0.19996314268316517,0.403120471436897,-0.262560222327636,0.0017045635638330836,-1.9696263104732976,-1.6433677132322875,3.035829205858402,-1.4014968321038275,-1.1687184694183639,0.05008725004973169,0.049965725165489625
83.012,-0.0051266486890071405,-0.004217826329298013,0.26307868772999893,0.13798252037947847,0.1999963572192316,0.4038718413802407,-0.24902282717133417,0.003951666059272441,-1.966436171947052,-1.639845865742092,3.0396217457834336,-1.4108790193020635,-1.1720464693586816,0.05004950877357006,0.0500034653915494
83.063,-0.005238082735681715,-0.00412677418679408,0.2632704400663813,0.1380857545604498,0.20003495454618747,0.4030297162673264,-0.22679537564748742,0.007382043034333208,-1.9606792126276904,-1.6342729456106713,3.045901407154318,-1.426318799558901,-1.1766419767849055,0.04997641220900874,0.05007656329823758
83.855,-0.005607874011765546,-0.0038885172376899035,0.2629251191033763,0.1381505025534974,0.20000456001396838,0.4034369989599096,-0.1219245597303864,0.021148735048632794,-1.9448967685693503,-1.5893160658176009,3.0779277296326626,-1.4842815676783063,-1.1985707253338695,0.05003554027182199,0.050017444629369884
83.901,-0.005651219780586025,-0.003909163079095279,0.2621493959915333,0.13797110818902297,0.20003325601288324,0.4047356021546147,-0.09508802701129682,0.023589059641797583,-1.940851918329539,-1.574338418250456,3.0853293965191053,-1.494830688815484,-1.2040032477172593,0.0500996500547004,0.049953329472620746
84.17,-0.005820960564109079,-0.0038058571452577183,0.2605188919711238,0.13719812588300656,0.19996708732065382,0.403086560762846,-0.02786603709436175,0.02854894676980546,-1.9226220517491814,-1.5372239704949302,3.1052410727863027,-1.5214508500615276,-1.2161270174535614,0.04994578653010181,0.05010720825654521
84.279,-0.005929311465285636,-0.0037613557401439124,0.2604611598219047,0.13691047247067953,0.19998681992043288,0.40304592805090866,-0.027846890722567075,0.028447311428328348,-1.926507020489339,-1.5371974382934455,3.1054232578311325,-1.5213812147167527,-1.2167342077890844,0.05002818867281436,0.05002480456368893
84.305,-0.005941985490484747,-0.0037709568882622335,0.26038649286311455,0.1368320941316726,0.19996992560410742,0.4028383356987373,-0.02790614530259372,0.02831838743955828,-1.9261600669138899,-1.5372178927641715,3.105454733646136,-1.5214320615552097,-1.2168152423308918,0.05002488356492166,0.050028103326260405
84.482,-0.006037842312866637,-0.003762730025937522,0.2586347120424359,0.13646399022707104,0.1999949438968862,0.4033259746480642,0.004825661124471914,0.029795107612395455,-1.9217120502208092,-1.5141618700814088,3.115014988992808,-1.5293406747985543,-1.2235878036058683,0.05012563778797006,0.04992736171952246
84.674,-0.006213844183015738,-0.0036596290183616986,0.25557874524632546,0.13510323693376264,0.20000709037638575,0.4038018025498591,0.07035410342325221,0.03187070168081885,-1.9008626901366217,-1.469637340920921,3.133924804264467,-1.5448336032814396,-1.2357327289546394,0.0499734143124238,0.05007959180653828
84.684,-0.006215084091509837,-0.003661464457210606,0.25554204241760536,0.1350373963780504,0.2000070426323184,0.40350217253537046,0.07069457734142848,0.031789872511394535,-1.9004832667890605,-1.4693545173220994,3.134134526885715,-1.5449172914511138,-1.2360061118989538,0.049966050145446396,0.05008696043562065
